Date,Price,Open,High,Low,Change %
01-01-2007,8.128,8.128,8.128,8.128,4.41%
01-02-2007,8.188,8.188,8.188,8.188,0.74%
01-03-2007,8.337,8.337,8.337,8.337,1.82%
01-04-2007,8.487,8.487,8.487,8.487,1.80%
01-05-2007,8.446,8.446,8.446,8.446,-0.48%
01-06-2007,8.526,8.526,8.526,8.526,0.95%
01-07-2007,8.358,8.358,8.358,8.358,-1.97%
01-08-2007,8.326,8.326,8.326,8.326,-0.38%
01-09-2007,8.421,8.421,8.421,8.421,1.14%
01-10-2007,8.304,8.304,8.304,8.304,-1.39%
01-11-2007,8.344,8.344,8.344,8.344,0.48%
01-12-2007,8.115,8.115,8.115,8.115,-2.74%
01-01-2008,7.841,7.841,7.841,7.841,-3.38%
01-02-2008,7.991,7.991,7.991,7.991,1.91%
01-03-2008,8.431,8.431,8.431,8.431,5.51%
01-04-2008,8.405,8.405,8.405,8.405,-0.31%
01-05-2008,8.461,8.461,8.461,8.461,0.67%
01-06-2008,9.243,9.243,9.243,9.243,9.24%
01-07-2008,9.863,9.863,9.863,9.863,6.71%
01-08-2008,9.615,9.615,9.615,9.615,-2.51%
01-09-2008,9.299,9.299,9.299,9.299,-3.29%
01-10-2008,8.074,8.074,8.074,8.074,-13.17%
01-11-2008,7.81,7.81,7.81,7.81,-3.27%
01-12-2008,6.478,6.478,6.478,6.478,-17.06%
01-01-2009,7.258,7.258,7.258,7.258,12.04%
01-02-2009,7.668,7.668,7.668,7.668,5.65%
01-03-2009,7.797,7.797,7.797,7.797,1.68%
01-04-2009,7.258,7.258,7.258,7.258,-6.91%
01-05-2009,7.671,7.671,7.671,7.671,5.69%
01-06-2009,7.748,7.748,7.748,7.748,1.00%
01-07-2009,7.893,7.893,7.893,7.893,1.87%
01-08-2009,8.311,8.311,8.311,8.311,5.30%
01-09-2009,8.243,8.243,8.243,8.243,-0.82%
01-10-2009,8.382,8.382,8.382,8.382,1.69%
01-11-2009,8.277,8.261,8.277,8.23,-1.25%
01-12-2009,8.327,8.282,8.461,8.282,0.60%
01-01-2010,8.355,8.337,8.392,8.337,0.34%
01-02-2010,8.469,8.349,8.469,8.349,1.36%
01-03-2010,8.459,8.469,8.475,8.448,-0.12%
01-04-2010,8.548,8.459,8.581,8.459,1.05%
01-05-2010,8.467,8.548,8.548,8.458,-0.95%
01-06-2010,8.361,8.467,8.495,8.361,-1.25%
01-07-2010,8.433,8.35,8.433,8.34,0.86%
01-08-2010,8.382,8.433,8.433,8.357,-0.60%
01-09-2010,8.332,8.383,8.429,8.321,-0.60%
01-10-2010,8.465,8.357,8.498,8.357,1.60%
01-11-2010,8.467,8.461,8.493,8.403,0.02%
01-12-2010,8.429,8.475,8.54,8.427,-0.45%
01-01-2011,8.56,8.434,8.578,8.434,1.55%
01-02-2011,8.527,8.566,8.588,8.527,-0.39%
01-03-2011,8.361,8.532,8.532,8.355,-1.95%
01-04-2011,8.497,8.352,8.514,8.352,1.63%
01-05-2011,8.666,8.499,8.705,8.494,1.99%
01-06-2011,8.575,8.65,8.65,8.551,-1.05%
01-07-2011,8.723,8.66,8.723,8.571,1.73%
01-08-2011,8.599,8.718,8.722,8.537,-1.42%
01-09-2011,8.675,8.611,8.675,8.588,0.88%
01-10-2011,8.992,8.726,9.015,8.726,3.65%
01-11-2011,9.12,8.997,9.303,8.982,1.42%
01-12-2011,8.781,9.136,9.136,8.587,-3.72%
01-01-2012,8.599,8.811,8.811,8.486,-2.07%
01-02-2012,8.594,8.509,8.625,8.5,-0.06%
01-03-2012,8.743,8.608,8.828,8.571,1.73%
01-04-2012,8.781,8.937,9.077,8.724,0.43%
01-05-2012,8.734,8.831,9.004,8.734,-0.54%
01-06-2012,8.662,8.744,8.753,8.55,-0.82%
01-07-2012,8.658,8.701,8.701,8.539,-0.05%
01-08-2012,8.625,8.682,8.694,8.603,-0.38%
01-09-2012,8.48,8.662,8.662,8.48,-1.68%
01-10-2012,8.421,8.484,8.484,8.345,-0.70%
01-11-2012,8.465,8.452,8.512,8.394,0.52%
01-12-2012,8.304,8.467,8.467,8.297,-1.90%
01-01-2013,8.116,8.245,8.245,7.97,-2.26%
01-02-2013,8.119,8.145,8.166,8.014,0.04%
01-03-2013,8.247,8.144,8.278,8.125,1.58%
01-04-2013,7.92,8.295,8.295,7.903,-3.97%
01-05-2013,7.496,7.92,7.989,7.41,-5.35%
01-06-2013,7.821,7.492,7.862,7.469,4.34%
01-07-2013,8.751,7.774,8.751,7.774,11.89%
01-08-2013,9.099,8.628,9.598,8.628,3.98%
01-09-2013,9.297,8.884,9.408,8.736,2.18%
01-10-2013,9.03,9.335,9.335,8.948,-2.87%
01-11-2013,9.175,9.048,9.421,9.048,1.61%
01-12-2013,9.247,9.228,9.435,9.15,0.78%
01-01-2014,9.236,9.258,9.321,8.92,-0.12%
01-02-2014,9.225,9.295,9.356,9.091,-0.12%
01-03-2014,9.086,9.274,9.279,9.086,-1.51%
01-04-2014,9.091,9.227,9.384,9.044,0.06%
01-05-2014,8.776,9.11,9.11,8.776,-3.46%
01-06-2014,8.778,8.786,8.818,8.543,0.02%
01-07-2014,8.725,8.8,8.841,8.653,-0.60%
01-08-2014,8.779,8.743,8.938,8.738,0.62%
01-09-2014,8.697,8.779,8.788,8.643,-0.93%
01-10-2014,8.36,8.726,8.726,8.354,-3.87%
01-11-2014,8.196,8.358,8.358,8.193,-1.96%
01-12-2014,8.001,8.194,8.195,7.865,-2.38%
01-01-2015,7.695,7.991,8.12,7.695,-3.82%
01-02-2015,7.687,7.72,7.737,7.626,-0.10%
01-03-2015,7.782,7.736,7.862,7.658,1.24%
01-04-2015,7.901,7.799,7.927,7.769,1.53%
01-05-2015,7.955,7.936,8.08,7.866,0.68%
01-06-2015,8.14,7.984,8.26,7.96,2.33%
01-07-2015,8.022,8.182,8.182,8,-1.45%
01-08-2015,7.994,8.017,8.079,7.943,-0.35%
01-09-2015,7.815,8.013,8.017,7.798,-2.24%
01-10-2015,7.853,7.823,7.857,7.777,0.49%
01-11-2015,7.996,7.853,8.005,7.836,1.82%
01-12-2015,8.076,7.996,8.103,7.94,1.00%
01-01-2016,8.231,8.094,8.261,8.058,1.92%
01-02-2016,8.237,8.247,8.481,8.23,0.07%
01-03-2016,7.912,8.274,8.274,7.88,-3.95%
01-04-2016,7.835,7.934,7.934,7.759,-0.97%
01-05-2016,7.846,7.886,7.9,7.835,0.14%
01-06-2016,7.727,7.865,7.909,7.714,-1.52%
01-07-2016,7.38,7.738,7.763,7.372,-4.49%
01-08-2016,7.246,7.38,7.431,7.217,-1.82%
01-09-2016,7.172,7.289,7.293,7.124,-1.02%
01-10-2016,7.198,7.178,7.234,7.092,0.36%
01-11-2016,6.651,7.234,7.287,6.596,-7.60%
01-12-2016,7.112,6.685,7.161,6.63,6.93%
01-01-2017,7.023,7.055,7.079,6.9,-1.25%
01-02-2017,7.418,7.051,7.481,7.019,5.62%
01-03-2017,7.347,7.457,7.503,7.347,-0.96%
01-04-2017,7.456,7.347,7.477,7.321,1.48%
01-05-2017,7.343,7.482,7.517,7.281,-1.52%
01-06-2017,7.115,7.351,7.364,7.038,-3.11%
01-07-2017,7.074,7.245,7.245,7.022,-0.58%
01-08-2017,7.137,7.074,7.2,7.026,0.89%
01-09-2017,7.268,7.133,7.332,7.113,1.84%
01-10-2017,7.297,7.31,7.391,7.255,0.40%
01-11-2017,7.458,7.332,7.506,7.297,2.21%
01-12-2017,7.642,7.502,7.757,7.409,2.47%
01-01-2018,7.83,7.714,7.856,7.61,2.46%
01-02-2018,7.95,7.803,8.011,7.772,1.53%
01-03-2018,7.632,7.981,7.985,7.632,-4.00%
01-04-2018,8.021,7.632,8.088,7.524,5.10%
01-05-2018,8.134,8.002,8.134,7.842,1.41%
01-06-2018,8.095,8.137,8.224,8.04,-0.48%
01-07-2018,8.119,8.141,8.192,8.051,0.30%
01-08-2018,8.246,8.014,8.286,8.014,1.56%
01-09-2018,8.25,8.266,8.466,8.25,0.05%
01-10-2018,8.186,8.32,8.393,8.166,-0.78%
01-11-2018,7.867,8.196,8.196,7.837,-3.90%
01-12-2018,7.61,7.898,7.898,7.549,-3.27%
01-01-2019,7.66,7.634,7.78,7.609,0.66%
01-02-2019,7.758,7.701,7.808,7.635,1.28%
01-03-2019,7.602,7.791,7.798,7.596,-2.01%
01-04-2019,7.675,7.614,7.775,7.549,0.96%
01-05-2019,7.314,7.745,7.745,7.314,-4.70%
01-06-2019,7.082,7.252,7.336,7.027,-3.17%
01-07-2019,6.827,7.109,7.109,6.655,-3.60%
01-08-2019,7.003,6.871,7.046,6.78,2.58%
01-09-2019,7.173,7.014,7.24,6.982,2.43%
01-10-2019,7.124,7.165,7.247,7.124,-0.68%
01-11-2019,7.166,7.188,7.261,7.162,0.59%
01-12-2019,7.121,7.181,7.38,7.095,-0.63%
01-01-2020,7.081,7.123,7.236,7.081,-0.56%
01-02-2020,6.816,6.985,7.047,6.807,-3.74%
01-03-2020,6.76,6.816,6.872,6.6,-0.82%
01-04-2020,6.646,6.824,6.997,6.646,-1.69%
01-05-2020,6.606,6.967,6.994,6.606,-0.60%
01-06-2020,6.545,6.618,6.654,6.545,-0.92%
01-07-2020,6.41,6.527,6.538,6.396,-2.06%
01-08-2020,6.75,6.417,6.802,6.393,5.30%
01-09-2020,6.749,6.627,6.817,6.539,-0.01%
01-10-2020,6.636,6.821,6.84,6.626,-1.67%
01-11-2020,6.589,6.696,6.718,6.589,-0.71%
01-12-2020,6.545,6.643,6.643,6.545,-0.67%
01-01-2021,6.532,6.546,6.577,6.504,-0.20%
01-02-2021,6.865,6.517,6.865,6.517,5.10%
01-03-2021,6.762,6.846,6.944,6.74,-1.50%
01-04-2021,6.78,6.798,6.831,6.696,0.27%
01-05-2021,6.942,6.783,6.96,6.768,2.39%
01-06-2021,7.097,6.991,7.153,6.932,2.23%
01-07-2021,7.098,7.051,7.145,7.043,0.01%
01-08-2021,7.089,7.089,7.15,7.071,-0.13%
01-09-2021,6.971,7.125,7.125,6.864,-1.66%
01-10-2021,7.012,6.929,7.118,6.929,0.59%
01-11-2021,6.881,7.022,7.022,6.877,-1.87%
01-12-2021,7.062,6.95,7.128,6.931,2.63%
01-01-2022,7.286,7.095,7.364,7.083,3.17%
01-02-2022,7.14,7.33,7.459,7.082,-2.00%
01-03-2022,7.265,7.185,7.364,7.177,1.75%
01-04-2022,7.421,7.35,7.549,7.3,2.15%
01-05-2022,7.669,7.447,7.77,7.415,3.34%
01-06-2022,7.724,7.678,7.928,7.678,0.72%
01-07-2022,7.679,7.72,7.819,7.569,-0.58%
01-08-2022,7.462,7.691,7.711,7.462,-2.83%
01-09-2022,7.545,7.466,7.588,7.281,1.11%
01-10-2022,7.567,7.529,7.648,7.46,0.29%
01-11-2022,7.392,7.58,7.667,7.373,-2.31%
01-12-2022,7.451,7.384,7.492,7.334,0.80%
01-01-2023,7.439,7.472,7.49,7.345,-0.16%
01-02-2023,7.435,7.494,7.501,7.367,-0.05%
01-03-2023,7.395,7.469,7.53,7.366,-0.54%
01-04-2023,7.265,7.456,7.456,7.247,-1.76%
01-05-2023,7.153,7.309,7.309,7.102,-1.54%
01-06-2023,7.363,7.202,7.376,7.154,2.94%
01-07-2023,7.369,7.383,7.419,7.266,0.08%
01-08-2023,7.335,7.381,7.449,7.326,-0.46%
01-09-2023,7.412,7.357,7.458,7.274,1.05%
01-10-2023,7.511,7.446,7.593,7.423,1.34%
01-11-2023,7.501,7.545,7.545,7.403,-0.13%
01-12-2023,7.406,7.546,7.554,7.365,-1.27%
01-01-2024,7.269,7.434,7.503,7.267,-1.85%
01-02-2024,7.158,7.266,7.266,7.111,-1.53%
01-03-2024,7.121,7.155,7.212,7.093,-0.52%
01-04-2024,7.258,7.184,7.279,7.144,1.92%
01-05-2024,7.136,7.307,7.307,7.106,-1.68%
01-06-2024,7.057,7.127,7.233,7.01,-1.11%
01-07-2024,7.055,7.071,7.086,7.023,-0.03%
01-08-2024,6.999,7.056,7.074,6.962,-0.79%
01-09-2024,6.908,7.026,7.037,6.877,-1.30%
01-10-2024,6.988,6.917,7.036,6.883,1.16%
01-11-2024,7.016,7.008,7.097,6.978,0.40%
01-12-2024,7.02,7.004,7.089,6.968,0.06%
01-01-2025,7.02,7.04,7.1,6.98,0.00%
01-02-2025,7.12,7.02,7.12,6.99,1.42%
01-03-2025,6.91,7.12,7.14,6.91,-2.95%
01-04-2025,6.787,6.91,6.91,6.74,-1.78%
01-05-2025,6.817,6.78,6.86,6.75,0.44%
01-06-2025,7.047,6.82,7.06,6.81,3.37%
01-07-2025,7.039,7.01,7.03,6.93,-0.11%
01-08-2025,7.317,7.02,7.32,6.99,3.95%
01-09-2025,7.198,7.26,7.26,7.12,-1.63%
01-10-2025,7.216,7.08,7.21,7.02,0.25%
01-11-2025,7.306,7.24,7.3,7.23,1.25%
01-12-2025,7.265,7.33,7.38,7.26,-0.56%
01-01-2026,7.356,7.26,7.41,7.26,1.25%
